size,method,metric,kind,value,sample_count,mean_ms,median_ms,min_ms,max_ms,mean_result_count,mean_server_ms
1000,scan,haversine,knn,10,100,12.091763370003719,11.316328500015516,11.004267999965123,20.90979900003731,10,
1000,rtree,haversine,knn,10,100,1.617468429994915,1.6242044999330574,1.4297480000777796,2.1714729999757765,10,
1000,gist,haversine,knn,10,100,0.8836076899979162,0.8774799999855531,0.8009270000002289,1.2620429999969929,10,0.10682
1000,scan,haversine,knn,50,100,11.463245859999915,11.372083500020835,11.187980000045172,12.440800000035779,50,
1000,rtree,haversine,knn,50,100,7.147857469989276,7.12668900001745,6.828028999962044,8.777594999969551,50,
1000,gist,haversine,knn,50,100,1.0055128200053787,0.989333000006809,0.8847290000630892,1.4117470000201138,50,0.17196
1000,scan,haversine,knn,100,100,11.690740520003828,11.613287499926628,11.3278830000354,12.686604000009538,100,
1000,rtree,haversine,knn,100,100,13.996748920006894,13.906317999953899,13.580656999920393,16.631560000064383,100,
1000,gist,haversine,knn,100,100,1.040995059998977,1.0237340000003314,0.9643319999668165,1.2690429999793196,100,0.21867
1000,scan,haversine,radius,1000,100,11.477064509999764,10.870175999968978,10.403359000065393,26.269608999996308,1.18,
1000,rtree,haversine,radius,1000,100,0.3480795900020439,0.3214049999655799,0.11160200006088417,0.9426149999853806,1.18,
1000,gist,haversine,radius,1000,100,0.8724734200040984,0.8680294999976468,0.7845260000749477,1.2097400000357084,1.18,0.09813
1000,scan,haversine,radius,5000,100,11.351372550002452,10.770810500048356,10.448548999988816,19.219143000100303,24.91,
1000,rtree,haversine,radius,5000,100,3.702039780000632,3.609658500010937,1.3598219999266803,5.803193000019746,24.91,
1000,gist,haversine,radius,5000,100,0.9290651799983607,0.9202809999919737,0.8231279999790786,1.1321380000026693,24.91,0.14106000000000002
1000,scan,haversine,radius,10000,100,14.385687050001934,11.14947250005116,10.62535599999137,28.52975400003288,93.78,
1000,rtree,haversine,radius,10000,100,13.05403059000696,13.444328500042957,5.852494000009756,18.236614999977974,93.78,
1000,gist,haversine,radius,10000,100,1.1160566000012295,1.1039369999821247,0.8961300000009942,1.5419520000250486,93.78,0.27247000000000005
10000,scan,haversine,knn,10,100,111.90216623000197,110.82690099999581,109.30896700006087,140.75227900002574,10,
10000,rtree,haversine,knn,10,100,2.3217935599996053,2.304875999925571,1.9415639999351697,3.555216999984623,10,
10000,gist,haversine,knn,10,100,0.9300097599839319,0.9063800000603806,0.8327269999881537,1.307143000076394,10,0.12264
10000,scan,haversine,knn,50,100,114.3459374700069,112.57485299995551,110.92349400018975,153.5155130000021,50,
10000,rtree,haversine,knn,50,100,8.410584199991717,8.388576499896772,7.57835000013074,9.434511000108614,50,
10000,gist,haversine,knn,50,100,1.1007102999860763,1.037784000004649,0.9120300001086434,1.8430610000450542,50,0.20203
10000,scan,haversine,knn,100,100,113.20979096999054,112.52555999999458,110.86302000012438,124.58799700016243,100,
10000,rtree,haversine,knn,100,100,15.224344669991297,15.141399000071942,14.494378000108554,17.17926600008468,100,
10000,gist,haversine,knn,100,100,1.164998449999075,1.17138849998355,0.9929329999067704,1.364746000035666,100,0.27914
10000,scan,haversine,radius,1000,100,106.64369948999365,106.37218399995163,105.21714800006521,112.51938000009432,10.03,
10000,rtree,haversine,radius,1000,100,2.266474989994549,2.238714999975855,1.234935999946174,3.4126989999094803,10.03,
10000,gist,haversine,radius,1000,100,1.0776685499831729,1.0692849999713872,0.902230000065174,1.4528470001096139,10.03,0.23436
10000,scan,haversine,radius,5000,100,108.42800517000569,107.50601849997565,105.97932399991805,122.48007300013342,244.04,
10000,rtree,haversine,radius,5000,100,34.930427529995995,35.796292999975776,19.763475999980074,43.502266999894346,244.04,
10000,gist,haversine,radius,5000,100,1.8955434399936166,1.851511000040773,1.3602439998976479,2.5909850000971346,244.04,0.78459
10000,scan,haversine,radius,10000,100,110.79223390999687,109.54070799994042,106.89136899986806,136.77526799983752,913.64,
10000,rtree,haversine,radius,10000,100,126.89475433000325,136.0845794999932,62.69294699995953,153.04649700010486,913.64,
10000,gist,haversine,radius,10000,100,3.3215298600180176,3.313059499987503,2.220974000010756,8.007763999785311,913.64,2.00709
100000,scan,haversine,knn,10,100,1101.2331792399914,1096.143371999915,1076.4463030000115,1155.0276140001188,10,
100000,rtree,haversine,knn,10,100,6.724204699994516,6.527047999952629,3.5494349999680708,10.540101000060531,10,
100000,gist,haversine,knn,10,100,0.947358770054052,0.9392310000748694,0.8341279999513063,1.180839999960881,10,0.16671
100000,scan,haversine,knn,50,100,1110.9728712099786,1108.378531499966,1092.0162310003434,1162.0952089997445,50,
100000,rtree,haversine,knn,50,100,14.265841460000956,14.179139499901794,11.111423000329523,20.090564000383893,50,
100000,gist,haversine,knn,50,100,1.1925920500061693,1.1357880000559817,0.9724329997879977,1.9036640001104388,50,0.29312
100000,scan,haversine,knn,100,100,1128.656954969997,1124.423413499926,1109.1669779998483,1184.7219219998806,100,
100000,rtree,haversine,knn,100,100,22.466643570005544,22.527244499997323,18.614498000260937,28.101653999783593,100,
100000,gist,haversine,knn,100,100,1.26107324998884,1.2595420000707236,1.0833359997377556,1.7603589999453106,100,0.36545
100000,scan,haversine,radius,1000,100,1055.2185286800022,1052.2810805000518,1043.12294500005,1087.5527729999703,101.76,
100000,rtree,haversine,radius,1000,100,21.236685609987944,21.00511049980014,12.236813999606966,26.118882999980997,101.76,
100000,gist,haversine,radius,1000,100,1.368522350016974,1.3539010001295537,1.201245000174822,1.7065639999600535,101.76,0.46005
100000,scan,haversine,radius,5000,100,1059.9701725099976,1056.3285350000342,1045.1693049999449,1121.0026109999944,2434.43,
100000,rtree,haversine,radius,5000,100,345.60436811998443,360.18589650007016,216.8506640000487,413.9387549998901,2434.43,
100000,gist,haversine,radius,5000,100,6.898976680008673,6.7560535001121025,4.316360999837343,15.396077999866975,2434.43,4.88103
100000,scan,haversine,radius,10000,100,1079.3120930600048,1074.4833860001108,1047.2227479999674,1134.7851909999918,9115.66,
100000,rtree,haversine,radius,10000,100,1252.702437820003,1387.1802499998012,696.2302060001093,1485.4098260002502,9115.66,
100000,gist,haversine,radius,10000,100,21.808185729960314,22.985570999708216,12.1296069996788,31.89316999987568,9115.66,16.6953
