id,parte,etapa,pagina,seccion,requisito,estado,estado_actual,evidencia,evaluacion,problemas,correccion,implementacion_recomendada,validacion,dependencias,criterios,criterios_implementados,criterios_verificados,criterios_pendientes,avance_implementado,avance_verificado,avance_pendiente
1.1.1,1,1,1,2.1.1,Heap File en páginas de disco,COMPLETO,HeapFile codifica Record en slotted pages de 4096 bytes y mantiene metadatos persistentes.,"[""engine/storage/heap_file.py:204 (def insert()"", ""engine/storage/page_manager.py:72 (class PageManager)"", ""tests/storage/test_heap_persistence.py:1""]",Cumple almacenamiento propio en páginas y reapertura con gestores nuevos; las pruebas de persistencia y E/S pasan.,"No se reprodujo un defecto del requisito. No ofrece recuperación automática ante caída, que el PDF no exige.",Ninguna corrección obligatoria identificada.,"Conservar PageManager, RecordCodec y la estructura paginada existente.","Insertar múltiples páginas, cerrar, abrir y comparar filas y RIDs; ver suite estricta y persistencia en procesos independientes.",Codecs y PageManager.,"[""Registros codificados en páginas"", ""Escritura y lectura de archivos reales"", ""Reapertura conserva filas""]","[1, 1, 1]","[1, 1, 1]","[0, 0, 0]",100.00000000,100.00000000,0.00000000
1.1.2,1,1,1,2.1.1,Heap sin ordenamiento por clave y con inserción en orden de llegada,INCORRECTO,Inserta sin ordenar por clave; selecciona la primera página apta mediante HeapFreeSpaceTracker.,"[""engine/storage/heap_file.py:204 (def insert()"", ""engine/storage/heap_file.py:288 (def scan()"", ""tests/storage/test_heap_free_space.py:54 (def test_tracker_chooses_lowest)"", ""docs/auditoria/evidencias/heap_orden_llegada.json""]","Bajo la lectura literal de almacenamiento en orden de llegada del PDF, la carga inicial ya falla con filas variables: entrada 1,2,3; páginas/RIDs y scan 1,3,2. Dos criterios de tres están satisfechos.","Las filas de 3200,3200,100 bytes colocan la tercera en el hueco nunca ocupado de la primera página. No hubo borrados; reapertura conserva el mismo orden físico. Los tests validan first-fit sin contrastar este requisito.",Priorizar la última página para carga nueva y distinguir huecos reutilizados tras borrado de espacio sobrante de páginas anteriores. Documentar la compatibilidad entre llegada inicial y reutilización posterior.,"Cambiar solo la selección de página en HeapFile.insert y su información de reutilización; conservar tracker, codecs y RIDs existentes. Aplicar la política a nuevas inserciones sin reordenar archivos antiguos; para corregir una carga antigua usar su fuente original y reconstruir índices.","Añadir regresión 3200/3200/100 sin borrados: colocación y scan físico 1,2,3 antes/después de abrir; mantener tests de reutilización real. No imponer ORDER BY a un SELECT sin orden explícito.","1.1.1 y 1.1.3; revisar consumidores del tracker y adaptadores de índices. Si el docente interpreta llegada solo como ausencia de orden por clave, registrar esa aclaración y reevaluar este único criterio.","[""Inserción inicial conserva llegada"", ""No ordena por clave"", ""Política de reutilización explícita""]","[1, 1, 1]","[0, 1, 1]","[0, 0, 0]",100.00000000,66.66666667,0.00000000
1.1.3,1,1,1,2.1.1,Reutilización de espacio libre del Heap,COMPLETO,"Actualiza espacio libre tras borrado; reutiliza slots, compacta cuando hace falta y reconstruye el directorio al abrir.","[""engine/storage/heap_file.py:174 (def _rebuild_free_space()"", ""engine/storage/heap_file.py:274 (def delete()"", ""tests/storage/test_heap_free_space.py:1""]",Las pruebas comprueban bytes recuperables y reutilización después de reapertura; los experimentos registran crecimiento real.,"El directorio es reconstruible en memoria; su reconstrucción lee las páginas. Es un coste de arranque, no incumplimiento.",Ninguna corrección obligatoria identificada.,Conservar el directorio reconstruible y las invariantes de slots.,"Borrar registros, insertar tamaños que caben en huecos, verificar páginas no añadidas innecesariamente y repetir tras abrir.",1.1.1.,"[""Borrado libera espacio"", ""Inserción reutiliza espacio"", ""Reapertura reconstruye reutilización""]","[1, 1, 1]","[1, 1, 1]","[0, 0, 0]",100.00000000,100.00000000,0.00000000
1.1.4,1,1,1,2.1.1,Inserción ordenada en Archivo Secuencial Paginado,COMPLETO,"PagedSequentialFile busca página por clave, redistribuye/divide y desplaza el sufijo del archivo contiguo.","[""engine/storage/paged_sequential_file.py:400 (def insert()"", ""tests/storage/test_paged_sequential_split.py:1"", ""tests/storage/test_paged_sequential_binary_search.py:1""]","Inserción, orden con duplicados, divisiones y reapertura están verificados. La implementación es propia.",Los desplazamientos pueden cambiar RIDs y aumentar el coste. Los adaptadores existentes reconstruyen índices para mantener corrección.,No reemplazar el almacenamiento por este coste. Mejorar mantenimiento solo si la evidencia experimental justifica el cambio.,"Conservar la política actual; para optimización futura, publicar cambios de RID de forma explícita y actualizar todos los consumidores.",Cargar orden inverso y aleatorio; forzar divisiones de dos/tres páginas y comparar scan ordenado antes y después de abrir.,1.1.1; comparador y codecs.,"[""Entradas desordenadas quedan ordenadas"", ""División multipágina conserva orden"", ""Reapertura conserva orden""]","[1, 1, 1]","[1, 1, 1]","[0, 0, 0]",100.00000000,100.00000000,0.00000000
1.1.5,1,1,1,2.1.1,Eliminación lazy del secuencial,COMPLETO,"La eliminación crea tombstones, ajusta conteos y excluye filas del scan sin compactación inmediata.","[""engine/storage/paged_sequential_file.py:538 (def delete()"", ""tests/storage/test_paged_sequential_maintenance.py:1""]","El borrado es lazy y persistente, con recuperación posterior mediante reorganización.",No se reprodujo un incumplimiento del requisito.,Ninguna corrección obligatoria identificada.,Conservar tombstones y validación de RIDs.,"Comprobar filas excluidas, desperdicio conservado y reapertura antes de reorganizar.",1.1.4.,"[""Borrado lógico"", ""Scan excluye eliminados"", ""Persistencia de tombstones""]","[1, 1, 1]","[1, 1, 1]","[0, 0, 0]",100.00000000,100.00000000,0.00000000
1.1.6,1,1,1,2.1.1,Estrategia de reorganización del secuencial,COMPLETO,"Mide desperdicio por bytes, aplica umbral y crea un reemplazo compacto validado con métricas.","[""engine/storage/paged_sequential_file.py:567 (def should_reorganize()"", ""engine/storage/paged_sequential_file.py:626 (def reorganize()"", ""engine/indexes/clustered_bplus.py:343 (def reorganize()"", ""tests/storage/test_paged_sequential_maintenance.py:1""]","Hay una estrategia real de activación y reorganización. El 30% del PDF es un ejemplo, no una obligación universal.",Mover registros exige reconstrucción de asociaciones. La ruta agrupada la coordina; no invocar reorganización cruda con índices activos sin mantenimiento.,Ninguna corrección del algoritmo identificada; mantener las rutas públicas coordinadas.,Conservar reemplazo validado y reconstrucción de índices afectados.,"Borrar más del umbral, reorganizar, verificar igualdad de filas, menor desperdicio, índices y reapertura.","1.1.4, 1.1.5 y mantenimiento de índices.","[""Criterio de activación documentado"", ""Reorganización compacta"", ""Filas e índices conservan coherencia""]","[1, 1, 1]","[1, 1, 1]","[0, 0, 0]",100.00000000,100.00000000,0.00000000
1.2.1,1,2,1,2.1.2,Índice B+ agrupado,COMPLETO,ClusteredBPlusIndex asocia un B+ persistente propio a un secuencial físicamente ordenado por la misma clave.,"[""engine/indexes/clustered_bplus.py:28 (class ClusteredBPlusIndex)"", ""engine/indexes/bplus_tree.py:780 (def insert()"", ""tests/indexes/test_clustered_bplus.py:1""]","Cumple agrupamiento físico, búsquedas, mutación y persistencia. El PDF no exige almacenar las filas dentro de las hojas del B+.",Reconstruye el índice en cada inserción; en 100k una inserción tarda 373–432 s en los resultados históricos. Las lecturas por RID tampoco agrupan páginas.,"Es una limitación de rendimiento, no una estructura conceptualmente inválida. Completar primero la medición de borrados; evitar reescritura sin necesidad.","Mantener el adaptador. Como mejora, propagar cambios concretos de RID o agrupar mantenimiento de lotes con publicación segura.","Verificar igualdad/rango contra scan, divisiones/fusiones, inserción con RIDs movidos, reorganización y reapertura.",1.1.4 y núcleo B+ compartido.,"[""B+ propio"", ""Almacenamiento ordenado por clave indexada"", ""Igualdad y rango correctos"", ""Mantenimiento tras mutaciones""]","[1, 1, 1, 1]","[1, 1, 1, 1]","[0, 0, 0, 0]",100.00000000,100.00000000,0.00000000
1.2.2,1,2,1,2.1.2,Índice B+ no agrupado,COMPLETO,UnclusteredBPlusIndex conserva asociaciones clave/RID hacia Heap independiente.,"[""engine/indexes/unclustered_bplus.py:20 (class UnclusteredBPlusIndex)"", ""engine/indexes/bplus_tree.py:1583 (def range_entries()"", ""tests/indexes/test_unclustered_bplus.py:1"", ""tests/indexes/test_bplus_tree_delete.py:1""]","Igualdad, rango, splits, reparación de underflow, duplicados y reapertura tienen cobertura real.",Leer una página por RID penaliza rangos amplios. No significa que el índice esté incorrecto.,Ninguna corrección obligatoria identificada.,Reutilizar el núcleo B+; una futura lectura por lotes puede agrupar RIDs por página sin perder el orden solicitado.,Comparar asociaciones con un mapa independiente y resultados de rango con un scan tras operaciones aleatorias y reinicios.,1.1.1 y núcleo B+.,"[""B+ propio"", ""RIDs hacia almacenamiento independiente"", ""Igualdad y rango correctos"", ""Mantenimiento tras mutaciones""]","[1, 1, 1, 1]","[1, 1, 1, 1]","[0, 0, 0, 0]",100.00000000,100.00000000,0.00000000
1.2.3,1,2,1,2.1.2,Hash dinámico extensible,COMPLETO,"ExtendibleHashIndex tiene directorio paginado, profundidad global/local, split, duplicación y hash determinista.","[""engine/indexes/extendible_hash.py:74 (class ExtendibleHashIndex)"", ""tests/indexes/test_hash_restart_differential.py:1"", ""tests/indexes/test_hash_growth_review.py:1""]","Cumple hashing extensible propio, búsquedas, colisiones, borrado y persistencia. Merge/shrink no son obligaciones explícitas del PDF.",La profundidad tiene un límite y las colisiones no separables se rechazan de forma controlada. Los límites están cubiertos.,Ninguna corrección obligatoria identificada.,Mantener el directorio y validación existentes; no atribuirle capacidad de rango.,"Forzar colisiones, split con/sin doubling, borrar asociaciones exactas y comparar con diccionario tras reapertura.",1.1.1; codec determinista de claves.,"[""Directorio y profundidades"", ""Split y doubling"", ""Igualdad y colisiones"", ""Borrado y reapertura""]","[1, 1, 1, 1]","[1, 1, 1, 1]","[0, 0, 0, 0]",100.00000000,100.00000000,0.00000000
1.2.4,1,2,1,2.1.2,ORDER BY con External Sorting k-way merge,COMPLETO,"ExternalSort genera runs paginados y realiza merge k-way con heap, varias pasadas y presupuesto explícito.","[""engine/operators/sorting.py:406 (def _generate_runs()"", ""engine/operators/sorting.py:446 (def _merge_rows()"", ""engine/query/planner.py:33 (ExternalSort)"", ""tests/integration/test_stage6_differential.py:100 (def test_external_sort_matches)""]",ORDER BY usa el operador real desde SQL; los tests fuerzan derrame y comparan secuencias estables con sorted.,El presupuesto modela objetos y buffers; no es medición RSS del proceso. No presentarlo como memoria física observada.,Ninguna corrección obligatoria identificada.,Conservar runs y merge; usar RSS separadamente cuando un experimento pida memoria real.,"Presupuesto mínimo, múltiples runs y pasadas, claves repetidas, filas anchas, salida ordenada y temporales eliminados tras fallo/cierre.","Scans, RowLayout, temporales y ExecutionContext.","[""Generación de runs en disco"", ""Merge k-way"", ""Integración SQL"", ""Resultados y limpieza""]","[1, 1, 1, 1]","[1, 1, 1, 1]","[0, 0, 0, 0]",100.00000000,100.00000000,0.00000000
1.2.5,1,2,1,2.1.2,GROUP BY optimizado con hashing externo o índices,COMPLETO,"ExternalHashGroup particiona a disco, acumula agregados y resuelve skew mediante rutas acotadas.","[""engine/operators/aggregation.py:714 (class ExternalHashGroup)"", ""engine/operators/partitioning.py:1"", ""tests/integration/test_stage6_differential.py:118 (def test_external_grouping_matches)""]",Cumple la alternativa de hashing externo y está conectado al planner SQL; no hace falta exigir también la alternativa por índices.,El PDF no fija lista completa de agregados SQL ni semántica de NULL. El subconjunto implementado tiene límites explícitos.,Ninguna corrección obligatoria identificada.,Mantener agregados y particionado propios; reutilizar estados mergeables.,"Comparar con agrupación por diccionario, incluyendo AVG ponderado, claves dominantes, vacío, duplicados y presupuestos distintos.",1.2.4 para fallbacks que necesiten ordenar; particiones y expresión tipada.,"[""Algoritmo propio compatible"", ""Ruta externa o indexada real"", ""Integración SQL"", ""Agregados correctos""]","[1, 1, 1, 1]","[1, 1, 1, 1]","[0, 0, 0, 0]",100.00000000,100.00000000,0.00000000
1.2.6,1,2,1,2.1.2,JOIN optimizado con hashing externo o índices,COMPLETO,GraceHashJoin y rutas indexadas realizan equijoins reales; NestedLoopJoin proporciona una referencia alternativa.,"[""engine/operators/join.py:652 (class GraceHashJoin)"", ""engine/operators/index_strategies.py:53 (class IndexNestedLoopJoin)"", ""tests/integration/test_stage6_differential.py:143 (def test_grace_join_matches)""]",Los resultados preservan multiplicidad y las pruebas fuerzan particiones externas y skew. Cumple la optimización requerida.,Solo se soportan joins del subconjunto acordado. El PDF no exige todos los joins del estándar.,Ninguna corrección obligatoria identificada.,Mantener GraceHashJoin y estrategia indexada elegible; no sustituirlos por operaciones de un DBMS externo.,"Comparar como multiconjunto contra bucles independientes, con duplicados, tablas vacías, skew y todas las rutas seleccionables.","Scans, particionado y acceso por igualdad.","[""Algoritmo propio compatible"", ""Ruta externa o indexada real"", ""Integración SQL"", ""Multiplicidad correcta""]","[1, 1, 1, 1]","[1, 1, 1, 1]","[0, 0, 0, 0]",100.00000000,100.00000000,0.00000000
1.3.1,1,3,1–2,2.1.3,SELECT y WHERE básicos,COMPLETO,Lexer y parser manuales producen AST; binder resuelve catálogo; planner construye operadores propios.,"[""engine/query/parser.py:87 (class _Parser)"", ""engine/query/binder.py:1"", ""engine/query/planner.py:1"", ""tests/query/test_stage7_acceptance.py:127 (def test_reproducible_selection_matrix)""]","SELECT, proyección y condiciones soportadas se ejecutan por el motor. Errores sintácticos/semánticos se verificaron también por HTTP y navegador.","LIMIT, funciones espaciales y rankings están ausentes. Es correcto para Parte 1, pero bloquea extensiones posteriores.",No exigir un SQL completo; ampliar AST/binder/planner de forma localizada al implementar los requisitos posteriores.,Conservar descenso recursivo y spans; incorporar nodos tipados para capacidades multimodales.,"Oráculos de resultados, comparaciones con/sin índices, SQL inválido, límites de parser y recuperación de la consulta siguiente.","Catálogo, almacenamiento y operadores.","[""Parser y AST"", ""Binding de tablas y columnas"", ""Ejecución y resultados"", ""Errores controlados""]","[1, 1, 1, 1]","[1, 1, 1, 1]","[0, 0, 0, 0]",100.00000000,100.00000000,0.00000000
1.3.2,1,3,1–2,2.1.3,INSERT INTO VALUES,COMPLETO,"INSERT valida columnas y tipos, escribe una vez y mantiene índices mediante MutationService bajo sesión.","[""engine/maintenance/service.py:401 (def insert()"", ""engine/query/executor.py:1127 (class SqlEngine)"", ""tests/query/test_executor_writes.py:1""]","Escritura real, mantenimiento y publicación/rollback están cubiertos; la API muestra resultados provisionales correctamente.",La ruta cruda de SqlEngine sin coordinador tiene garantías distintas a la sesión pública. No usarla como fachada concurrente.,Ninguna corrección obligatoria identificada.,Mantener las escrituras bajo el owner y SqlSession; reservar rutas sin coordinador para pruebas/demos controladas.,"Insertar tipos correctos/incorrectos, duplicados de PK, confirmar/revertir y comprobar todos los índices tras reapertura.","1.1, 1.2 y 1.4.","[""Sintaxis requerida"", ""Escritura real"", ""Mantenimiento de índices""]","[1, 1, 1]","[1, 1, 1]","[0, 0, 0]",100.00000000,100.00000000,0.00000000
1.3.3,1,3,1–2,2.1.3,DELETE WHERE,COMPLETO,DELETE descubre RIDs en un spool acotado antes de escribir y coordina borrado y reparación de índices.,"[""engine/maintenance/service.py:87 (class DeleteTargetSpool)"", ""engine/maintenance/service.py:512 (def delete()"", ""tests/query/test_mutation_maintenance.py:1""]",Los targets exactos evitan invalidación del scan durante mutación; las sesiones añaden undo y aislamiento.,La compensación aislada del servicio conserva prefijos en fallos ordinarios; no equivale al rollback coordinado. El sistema documenta ambas rutas.,Ninguna corrección obligatoria identificada.,Conservar discovery cerrado y verificación RID/registro; ejecutar públicamente mediante sesiones.,"Borrado selectivo/no coincidente, fallos inyectados y rollback; comparar almacenamiento e índices y comprobar limpieza del spool.",1.3.1 y mantenimiento de índices/transacciones.,"[""Sintaxis requerida"", ""Selección y borrado exactos"", ""Mantenimiento de índices""]","[1, 1, 1]","[1, 1, 1]","[0, 0, 0]",100.00000000,100.00000000,0.00000000
1.4.1,1,4,2,2.1.4,BEGIN TRANSACTION y END TRANSACTION,COMPLETO,BEGIN/END agrupan sentencias en SqlSession; END publica commit y ROLLBACK restaura imágenes físicas.,"[""engine/transactions/session.py:280 (class SqlSession)"", ""engine/transactions/completion.py:1"", ""tests/transactions/test_sql_integration.py:1""]",Agrupación entre peticiones reales y aislamiento por token fueron corroborados por HTTP y Chromium.,No hay WAL ni recuperación automática de crash. Se detecta estado no limpio; el PDF no obliga a esos mecanismos.,Ninguna corrección obligatoria identificada.,"Conservar owner, locks y before-images; declarar los límites de fallo.","BEGIN con varias mutaciones, END, otra sesión observando, rollback y reapertura conservando solo lo confirmado.",1.3 y gestor de transacciones.,"[""Agrupación entre sentencias"", ""Publicación al END"", ""Aislamiento por sesión""]","[1, 1, 1]","[1, 1, 1]","[0, 0, 0]",100.00000000,100.00000000,0.00000000
1.4.2,1,4,2,2.1.4,Control de concurrencia para múltiples usuarios,COMPLETO,"Locks S/X por tabla, cola FIFO, wait-for graph, víctima de deadlock y latches físicos.","[""engine/transactions/locks.py:92 (class LockManager)"", ""tests/transactions/test_locks.py:1"", ""tests/transactions/test_controlled_evidence.py:1""]","Múltiples sesiones comparten el owner; los lectores/writers en conflicto esperan en el gestor, sin serializar todas las peticiones HTTP.",Los locks y el lease son de un solo proceso. Ejecutar varios workers sobre la misma base queda fuera del contrato actual.,"Mantener un worker por base. Un bloqueo entre procesos sería una ampliación de despliegue, no requisito del PDF.",Conservar locks del motor y cancelar/abortar mediante el ciclo de vida existente.,"Lectores compatibles, escritor excluyente, deadlock, timeout, cancelación y liberación solo después del estado terminal.",1.4.1; owner único por proceso.,"[""Locks o mecanismo equivalente propio"", ""Lectores y escritores concurrentes"", ""Conflictos gestionados correctamente""]","[1, 1, 1]","[1, 1, 1]","[0, 0, 0]",100.00000000,100.00000000,0.00000000
1.4.3,1,4,2,2.1.4,Demostración obligatoria con threads,COMPLETO,"La demo ejecuta la misma operación de incremento sin protección, protegida y en serie usando threads.","[""demos/transactions_demo.py:1"", ""tests/transactions/test_controlled_evidence.py:1"", ""docs/auditoria/evidencias/demo_threads.json""]","Se ejecutó nuevamente: resultado sin protección 1, protegido 2 y referencia serial 2; evidencia de intentos y conflictos real.",El adaptador inseguro está deliberadamente fuera del motor productivo.,Ninguna corrección obligatoria identificada.,Preservar el calendario determinista y explicar qué protección se omite en la demostración.,"Dos operaciones terminadas, race visible y resultado protegido idéntico al serial; ejecución con warnings como errores.",1.4.1 y 1.4.2.,"[""Transacciones simultáneas"", ""Race condition reproducida"", ""Resultado protegido comparado con referencia""]","[1, 1, 1]","[1, 1, 1]","[0, 0, 0]",100.00000000,100.00000000,0.00000000
1.5.1,1,5,2,2.1.5,Panel de Archivos,COMPLETO,"FilesPanel muestra tablas, columnas, tipos, organización e índices desde /api/tables.","[""frontend/src/components/FilesPanel.tsx:1"", ""api/database.py:606 (def describe_table()"", ""docs/auditoria/evidencias/navegador.json""]",Tablas y estructura se observaron en Chromium real. Cuenta datos físicos y advierte sobre valores provisionales.,Otra pestaña puede mantener conteos antiguos hasta refrescar; no afecta los resultados SQL ni la estructura mostrada.,No se identificó una corrección obligatoria del requisito; las mejoras se priorizan aparte.,"Como mejora, refrescar metadatos al volver a enfocar o después de detectar una nueva versión; conservar la advertencia de provisionalidad.","Cargar GUI, seleccionar tabla y contrastar esquema con /api/tables; verificar refresco entre pestañas al corregir esa mejora.","API, serialización y SqlEngine/SqlSession.","[""Tablas cargadas visibles"", ""Estructura de tablas visible""]","[1, 1]","[1, 1]","[0, 0]",100.00000000,100.00000000,0.00000000
1.5.2,1,5,2,2.1.5,Panel de Consultas,COMPLETO,"QueryPanel ofrece textarea SQL, presets y controles que envían opciones reales al motor.","[""frontend/src/components/QueryPanel.tsx:1"", ""frontend/src/api.ts:109 (runQuery)"", ""docs/auditoria/evidencias/navegador.json""]","Editor, envío, errores con línea/columna y recuperación pasaron en navegador.",No se reprodujo un defecto del requisito.,No se identificó una corrección obligatoria del requisito; las mejoras se priorizan aparte.,Conservar API y gating de solicitudes; ampliar presets solo cuando existan consultas multimodales reales.,Enviar SELECT válido/inválido y comprobar que cada envío se ejecuta una vez.,"API, serialización y SqlEngine/SqlSession.","[""Editor SQL"", ""Envío al motor""]","[1, 1]","[1, 1]","[0, 0]",100.00000000,100.00000000,0.00000000
1.5.3,1,5,2,2.1.5,Panel de Resultados,COMPLETO,"ResultsPanel renderiza filas reales y distingue comandos, explicaciones, vacío y previews parciales.","[""frontend/src/components/ResultsPanel.tsx:1"", ""api/serialization.py:1"", ""docs/auditoria/evidencias/navegador.json""]",Las filas del navegador coinciden con el JSON y los casos HTTP; rollback mostró resultado vacío correcto.,Las previews tienen límite de filas/bytes; el panel lo declara. No equivale a materializar todo el resultado.,No se identificó una corrección obligatoria del requisito; las mejoras se priorizan aparte.,Conservar límites y estados de completitud; añadir vistas especializadas cuando se implementen nuevos tipos.,"Comparar celdas con resultados del motor, vacío, error y respuesta truncada.","API, serialización y SqlEngine/SqlSession.","[""Resultados reales en tabla"", ""Errores visibles""]","[1, 1]","[1, 1]","[0, 0]",100.00000000,100.00000000,0.00000000
1.5.4,1,5,2,2.1.5,Panel de Plan de Ejecución,COMPLETO,"PlanPanel distingue plan preparado y observado, muestra árbol de operadores, índices y métricas reales.","[""frontend/src/components/PlanPanel.tsx:1"", ""api/serialization.py:151 (def runtime_json()"", ""docs/auditoria/evidencias/navegador.json""]",Activar/desactivar índices cambió IndexScan a TableScan sin alterar filas; ORDER BY mostró ExternalSort.,Las métricas de preview pueden ser parciales y el panel lo indica; la memoria reservada es un modelo de ejecución.,No se identificó una corrección obligatoria del requisito; las mejoras se priorizan aparte.,Conservar serialización de descriptores reales; para nuevas modalidades crear operadores/reportes reales antes de añadir etiquetas UI.,"Contrastar el árbol con el runtime, índices abiertos y orden de ejecución; verificar EXPLAIN sin confundirlo con ejecución.","API, serialización y SqlEngine/SqlSession.","[""Operadores reales"", ""Índices realmente usados"", ""Orden de operaciones""]","[1, 1, 1]","[1, 1, 1]","[0, 0, 0]",100.00000000,100.00000000,0.00000000
1.6.1,1,6,2,2.1.6,Comparación experimental Heap frente a secuencial,COMPLETO,"Hay 143 mediciones de archivos: 55 por tamaño 1k/10k y 33 en 100k, con cargas, búsquedas, disco y reorganización.","[""benchmarks/file_organization.py:57 (def run()"", ""docs/EXPERIMENTOS.md:71 (## 2.)"", ""benchmarks/results/part1_results*.jsonl"", ""docs/auditoria/evidencias/experimentos_auditados.json""]",Datos y repeticiones requeridos presentes; las tablas se regeneraron desde los JSONL. El harness se repitió a 1k como diagnóstico.,No se volvieron a ejecutar todas las corridas. Las de 1k/10k registran working tree sucio; su snapshot exacto no queda identificado solo por el commit.,Guardar un snapshot o manifiesto por archivo para futuras mediciones; conservar los resultados originales y su procedencia.,Reutilizar datos reproducibles y el harness. Registrar fsync/caché y entorno explícitos; no mezclar la repetición diagnóstica con resultados oficiales.,"Cobertura de operaciones y tamaños, búsquedas con conteos esperados, repetición selectiva y tablas idénticas a las publicadas.",1.1 y harness de medición propio.,"[""Datos 1000 10000 100000"", ""Tiempo inserción"", ""Búsqueda PK"", ""Espacio disco"", ""Reorganización""]","[1, 1, 1, 1, 1]","[1, 1, 1, 1, 1]","[0, 0, 0, 0, 0]",100.00000000,100.00000000,0.00000000
1.6.2,1,6,2,2.1.6,Comparación experimental B+ agrupado no agrupado y hash,COMPLETO,"Hay 312 mediciones de índices; igualdad, rango, orden, construcción y disco están registrados para las tres estructuras.","[""benchmarks/indexes.py:207 (while done < workload_operations)"", ""docs/EXPERIMENTOS.md:197 (**Agrupado frente a no agrupado.**)"", ""docs/auditoria/evidencias/experimentos_auditados.json""]","La comparación mínima del PDF está cubierta: a 1k el agrupado sí realiza 17–18 borrados y 18–19 inserciones por repetición. La matriz ampliada a 100k no demuestra borrados frecuentes: inserted=1, deleted=0.",El límite de 60 s se evalúa entre operaciones; una inserción duró 373–432 s. A 10k solo hubo un borrado por repetición. La tasa mide workloads distintos.,"Como mejora de la comparación ampliada, medir INSERT y DELETE por separado y completar un prefijo mixto común; etiquetar corridas censuradas y operaciones completadas.","Conservar harness e índices. Añadir una medición explícita de borrado agrupado, o un lote mixto mínimo completo, aceptando y reportando su coste sin timeout ficticio.",Las corridas 1k acreditan ambas mutaciones; al ampliar la evaluación a 100k completar borrados y validar filas/índices al final. No extrapolar el dato faltante. El PDF no fija explícitamente tamaños para este subexperimento de índices.,1.2.1–1.2.3; no requiere reescribir el B+ antes de medir.,"[""Tres estructuras reales"", ""Igualdad"", ""Rango"", ""Ordenamiento"", ""Construcción"", ""Consulta"", ""Espacio adicional"", ""Inserciones y borrados frecuentes""]","[1, 1, 1, 1, 1, 1, 1, 1]","[1, 1, 1, 1, 1, 1, 1, 1]","[0, 0, 0, 0, 0, 0, 0, 0]",100.00000000,100.00000000,0.00000000
1.6.3,1,6,2,2.1.6,Gráficos comparativos relacionales,COMPLETO,Existen once PNG y tablas generadas por benchmarks.report.,"[""benchmarks/report.py:195 (def render()"", ""docs/experimentos/resultados.md:1"", ""docs/auditoria/evidencias/reporte_contrastado.json""]",La regeneración con los tres JSONL oficiales produce tablas textualmente idénticas y once gráficos.,El comando sin --results toma solo el archivo de 1k/10k; para reproducir todo deben pasarse los tres archivos. La gráfica de carga mixta hereda su limitación.,Documentar el comando completo o ajustar el default en una corrección futura; revisar la leyenda de la carga mixta.,Conservar generación desde datos crudos; no dibujar mediciones inexistentes.,"Regenerar y comparar tablas; inspeccionar etiquetas, unidades, series de 100k y notas de censura.",1.6.1 y 1.6.2.,"[""Gráficos existentes"", ""Correspondencia con datos crudos""]","[1, 1]","[1, 1]","[0, 0]",100.00000000,100.00000000,0.00000000
1.6.4,1,6,2,2.1.6,Tabla de ventajas y desventajas relacionales,COMPLETO,"EXPERIMENTOS contiene ventajas y desventajas de Heap, secuencial, ambos B+ y hash.","[""docs/EXPERIMENTOS.md:232 (## 5.)""]",La tabla requerida existe y coincide con comportamiento y cifras observadas.,El agrupado se describe con throughput de una sola inserción a 100k. Mantener explícito ese alcance al comparar mantenimiento.,Ajustar esa celda tras completar 1.6.2.,Conservar recomendaciones específicas de esta implementación y sus limitaciones.,"Cada ventaja/desventaja debe enlazar a un comportamiento probado o medición concreta, distinguiendo inferencias.",1.6.1 y 1.6.2.,"[""Todas las técnicas requeridas"", ""Ventajas y desventajas""]","[1, 1]","[1, 1]","[0, 0]",100.00000000,100.00000000,0.00000000
1.6.5,1,6,2,2.1.6,Conclusiones de cuándo usar cada estructura,COMPLETO,"Hay conclusiones por organización e índice, con cifras y límites de selectividad.","[""docs/EXPERIMENTOS.md:242 (## 6.)""]","Las recomendaciones están respaldadas por búsquedas, carga, espacio y rangos medidos.",Tres tamaños no demuestran complejidad asintótica; la atribución del coste de hash a splits no fue aislada. El cruce 4–5% se reconoce como estimación.,Reformular O(1) como comportamiento observado/expectativa bajo supuestos y la atribución causal como hipótesis; no añadir mediciones inventadas.,"Separar conclusiones empíricas, complejidad teórica y estimaciones; conservar las recomendaciones útiles.",Trazar cada cifra a la mediana y cada afirmación causal a evidencia o etiqueta de inferencia.,1.6.1–1.6.4.,"[""Heap y secuencial"", ""B+ agrupado y no agrupado y hash"", ""Conclusiones respaldadas por mediciones""]","[1, 1, 1]","[1, 1, 1]","[0, 0, 0]",100.00000000,100.00000000,0.00000000
2.1.1,2,1,3,2.2.1,R-Tree propio sobre puntos latitud longitud,COMPLETO,"RTree implementa nodos/MBR, quadratic split, elección de subárbol y persistencia JSON versionada con checksum.","[""engine/spatial/rtree.py:80 (class RTree)"", ""engine/spatial/rtree.py:123 (def _split()"", ""engine/spatial/index.py:78 (class SpatialIndex)"", ""tests/spatial/test_e2_engine.py:1"", ""docs/auditoria/evidencias/espacial_100k_real.json""]","Es un R-Tree propio multinivel, asociado a RIDs del Heap y validado estructuralmente; el PDF no exige R-Tree paginado.",El árbol completo vive en RAM; INSERT guarda todo el JSON y DELETE reconstruye todo el árbol. No confundir persistencia con paginación externa.,Ninguna corrección obligatoria del algoritmo identificada; atender los límites señalados al integrarlo.,Reutilizar el núcleo; medir memoria y mantenimiento antes de considerar nodos paginados o actualización incremental.,"Inserciones con varios niveles, ocupación, MBR, cobertura de RIDs, duplicados y reapertura; prueba actual sobre Heap de 100k.","Heap estable, SpatialMapping y owner/sesiones para consultas públicas.","[""Nodos y MBR propios"", ""Inserción y división"", ""Árbol multinivel"", ""Persistencia y asociación con datos""]","[1, 1, 1, 1]","[1, 1, 1, 1]","[0, 0, 0, 0]",100.00000000,100.00000000,0.00000000
2.1.2,2,1,3,2.2.1,Consultas espaciales por rango o radio,COMPLETO,radius usa bounds conservadores y una comprobación exacta de distancia; existe SpatialScan independiente del traversal.,"[""engine/spatial/rtree.py:166 (def radius()"", ""engine/spatial/index.py:30 (def scan_radius()"", ""tests/spatial/test_e2_engine.py:1"", ""docs/auditoria/evidencias/espacial_100k_real.json""]",Resultados indexados y scan coinciden; se comprobó además contra un cálculo matemático independiente con Heap real.,"La cota Haversine solo usa latitud: es segura, pero puede podar poco en distribuciones de latitud similar.",Ninguna corrección obligatoria del algoritmo identificada; atender los límites señalados al integrarlo.,Conservar el residual exacto. Mejorar la cota únicamente con una prueba de que nunca excede la distancia mínima real.,"Radios 0/1/5/10 km, límites incluidos/excluidos, centros en los bordes y consultas dentro del dominio admitido.","Heap estable, SpatialMapping y owner/sesiones para consultas públicas.","[""Resultados correctos"", ""Traversal del índice real"", ""Validación contra secuencial""]","[1, 1, 1]","[1, 1, 1]","[0, 0, 0]",100.00000000,100.00000000,0.00000000
2.1.3,2,1,3,2.2.1,k vecinos más cercanos,COMPLETO,knn hace best-first sobre MBR y heap acotado de candidatos; ordena por distancia e ID.,"[""engine/spatial/rtree.py:212 (def knn()"", ""engine/spatial/index.py:57 (def scan_knn()"", ""tests/spatial/test_e2_engine.py:1"", ""docs/auditoria/evidencias/espacial_100k_real.json""]","k, empates, duplicados y k mayor que N tienen pruebas; el probe 100k comprueba k=10/50/100 con referencia independiente.",El resultado materializa hasta k filas y no tiene presupuesto de consultas espaciales equivalente al pipeline relacional.,Ninguna corrección obligatoria del algoritmo identificada; atender los límites señalados al integrarlo.,Conservar ranking estable; al exponer por HTTP imponer límites de salida y definir un operador TopK con métricas reales.,"Comparar IDs y orden con ordenamiento exhaustivo, k=0/1/N/N+1, empates y ambas métricas.","Heap estable, SpatialMapping y owner/sesiones para consultas públicas.","[""Orden por distancia"", ""k y empates"", ""Traversal indexado real""]","[1, 1, 1]","[1, 1, 1]","[0, 0, 0]",100.00000000,100.00000000,0.00000000
2.1.4,2,1,3,2.2.1,Intersección de puntos con polígonos,COMPLETO,"El índice filtra MBR y Polygon.contains aplica predicado exacto, con borde incluido y polígonos simples cóncavos.","[""engine/spatial/geometry.py:168 (class Polygon)"", ""engine/spatial/rtree.py:191 (def polygon()"", ""tests/spatial/test_e2_engine.py:1"", ""docs/auditoria/evidencias/espacial_100k_real.json""]",Cumple intersección de puntos con polígonos. El PDF no exige polígonos con agujeros o geometrías arbitrarias.,"El dominio es local y la convención del borde debe conservarse al conectar SQL, mapa y GiST.",Ninguna corrección obligatoria del algoritmo identificada; atender los límites señalados al integrarlo.,Reutilizar Polygon y MBR; validar datos y revelar la convención de borde en la interfaz.,"Puntos interiores, exteriores dentro del MBR, vértices, aristas, concavidad, inversión de orientación y polígonos inválidos.","Heap estable, SpatialMapping y owner/sesiones para consultas públicas.","[""Filtro MBR"", ""Predicado geométrico exacto"", ""Límites y polígonos cóncavos""]","[1, 1, 1]","[1, 1, 1]","[0, 0, 0]",100.00000000,100.00000000,0.00000000
2.1.5,2,1,3,2.2.1,Distancia Euclidiana,COMPLETO,Distancia planar en metros mediante proyección local fija alrededor de Lima.,"[""engine/spatial/geometry.py:63 (def local_xy()"", ""engine/spatial/geometry.py:68 (def distance()"", ""engine/spatial/metadata.py:23 (ORIGIN =)"", ""tests/spatial/test_e2_engine.py:1"", ""docs/auditoria/evidencias/espacial_100k_real.json""]","Implementa Euclidiana en un plano declarado, no sobre grados sin conversión. Las pruebas comprueban unidades y ranking diferente de Haversine.",Solo se admiten coordenadas del dominio local fijado. El PDF no impone cobertura mundial; debe mostrarse ese límite.,Ninguna corrección obligatoria del algoritmo identificada; atender los límites señalados al integrarlo.,"Mantener proyección y unidades; al ampliar dominio, introducir una convención/proyección explícita y una nueva versión compatible.","Casos analíticos norte/este, identidad, simetría y comparación con cálculo planar independiente.","Heap estable, SpatialMapping y owner/sesiones para consultas públicas.","[""Métrica implementada"", ""Unidades y proyección explícitas"", ""Resultado verificado""]","[1, 1, 1]","[1, 1, 1]","[0, 0, 0]",100.00000000,100.00000000,0.00000000
2.1.6,2,1,3,2.2.1,Distancia geodésica Haversine,COMPLETO,distance implementa Haversine esférica en metros con radio medio WGS84 declarado.,"[""engine/spatial/geometry.py:68 (def distance()"", ""engine/spatial/metadata.py:25 (EARTH_RADIUS_METRES =)"", ""tests/spatial/test_e2_engine.py:1"", ""docs/auditoria/evidencias/espacial_100k_real.json""]","La fórmula, unidad y uso en consultas son correctos en el dominio; el probe utiliza ángulo entre vectores unitarios como referencia distinta.","El comparador PostgreSQL debe usar esfera, radio compatible y residual exacto; el modo spheroid por defecto no sería equivalente.",Ninguna corrección obligatoria del algoritmo identificada; atender los límites señalados al integrarlo.,Conservar Haversine y hacer explícito use_spheroid=false en futuras mediciones GiST.,"Distancia cero, norte/este, equivalencia con referencia esférica y orden en radio/k-NN.","Heap estable, SpatialMapping y owner/sesiones para consultas públicas.","[""Fórmula implementada"", ""Unidades explícitas"", ""Resultado verificado""]","[1, 1, 1]","[1, 1, 1]","[0, 0, 0]",100.00000000,100.00000000,0.00000000
2.2.1,2,2,3,2.2.2,Panel de mapa interactivo,NO IMPLEMENTADO,La GUI actual contiene cuatro paneles relacionales; no hay componente ni dependencia de mapa.,"[""frontend/src/App.tsx:1"", ""frontend/package.json:1"", ""docs/auditoria/evidencias/navegador.png""]",Los puntos almacenados no se pueden visualizar en un mapa interactivo.,"Existe preparación espacial en backend, pero no visualización espacial.",Añadir un panel de mapa conectado a datos reales del motor.,"Usar una biblioteca de mapa como transporte visual, con latitud/longitud explícitas, navegación y carga acotada de puntos.",Abrir una tabla espacial y ver sus posiciones reales; pan/zoom no deben alterar identidades ni invertir ejes.,2.3 y una ruta HTTP espacial.,"[""Mapa interactivo"", ""Puntos almacenados visibles""]","[0, 0]","[0, 0]","[0, 0]",0.00000000,0.00000000,0.00000000
2.2.2,2,2,3,2.2.2,Resultados espaciales resaltados en el mapa,NO IMPLEMENTADO,No hay selección ni resaltado espacial en frontend.,"[""frontend/src/App.tsx:1"", ""docs/auditoria/evidencias/inventario_codigo.json""]","La salida espacial tipada existe, pero ningún flujo GUI la consume.","No se demuestra rango, k-NN o polígono sobre mapa.",Conectar resultados con marcadores resaltados y selección por ID.,Mantener una capa de puntos base y una capa de resultados; mostrar centro/radio o polígono y lista de distancias concordante.,"IDs del mapa, tabla y respuesta del motor idénticos; limpiar resaltado anterior ante vacío/error y conservar orden k-NN.","2.2.1, 2.3 y serialización espacial.","[""Consultas conectadas al mapa"", ""Resultados resaltados""]","[0, 0]","[0, 0]","[0, 0]",0.00000000,0.00000000,0.00000000
2.3.1,2,3,3,2.2.3,SQL espacial por distancia y POINT,NO IMPLEMENTADO,SqlSession admite consultas relacionales; el parser rechaza distancia/POINT. El owner tiene spatial_radius programático.,"[""engine/query/parser.py:50 (_AGGREGATE_FUNCTIONS)"", ""api/database.py:569 (def spatial_radius()"", ""docs/auditoria/evidencias/espacial_100k_real.json""]",Un método Python no satisface la extensión SQL requerida.,"Faltan nodos AST, binding de ubicación, planificación espacial y ejecución SQL; tampoco hay endpoint espacial público.",Extender la cadena parser→AST→binder→planner→executor con consultas por distancia.,"Añadir POINT(lat,lon), expresión de distancia y un operador SpatialScan/SpatialIndexScan que reutilice SpatialIndex bajo los locks de sesión; conservar residual estricto <.","Ejecutar el ejemplo del PDF sobre tiendas, comparar índice y scan, ambas métricas, borde, errores de ejes/unidades y plan observado.",2.1; integración del owner y metadatos espaciales con QueryEnvironment.,"[""Sintaxis espacial"", ""Binding de ubicación"", ""Ejecución con resultados reales""]","[0, 0, 0]","[0, 0, 0]","[0, 0, 0]",0.00000000,0.00000000,0.00000000
2.3.2,2,3,3,2.2.3,SQL espacial k-NN por distancia y LIMIT,NO IMPLEMENTADO,ORDER BY solo acepta expresiones del subconjunto relacional y LIMIT está explícitamente fuera de él.,"[""engine/query/parser.py:66 (_UNSUPPORTED_TRAILING_KEYWORDS)"", ""api/database.py:575 (def spatial_knn()"", ""docs/auditoria/evidencias/espacial_100k_real.json""]",El ejemplo k-NN SQL no se puede ejecutar; el núcleo k-NN correcto no completa esta interfaz.,"Falta resolver mi_ubicacion o un centro literal, expresión de distancia y límite de resultados.",Añadir LIMIT entero no negativo y reconocimiento de ORDER BY distancia para la ruta k-NN.,Resolver centros mediante parámetros explícitos o POINT; seleccionar un operador TopK espacial y devolver distancia/IDs ordenados sin ordenar toda la tabla innecesariamente.,"Ejemplo funcional con k=10, límites 0/N/N+1, empates estables, métrica elegida y plan que identifique el acceso real.",2.3.1; AST/binding de funciones y contrato de resultados.,"[""Ordenamiento por distancia"", ""Límite k"", ""Integración con motor espacial""]","[0, 0, 0]","[0, 0, 0]","[0, 0, 0]",0.00000000,0.00000000,0.00000000
2.4.1,2,4,3,2.2.4,Comparador secuencial R-Tree propio y GiST PostgreSQL,NO IMPLEMENTADO,"Hay scan, R-Tree y SQL de preparación GiST, además de logs históricos de setup PostGIS.","[""benchmarks/spatial/postgres.py:21 (def setup_sql()"", ""benchmarks/spatial/__main__.py:9 (def main()"", ""benchmarks/results/spatial_e1_setup.json:1"", ""docs/auditoria/evidencias/comparador_entorno_actual.json""]",No hay un harness que mida y compare las tres técnicas. EXPLAIN de preparación no equivale al experimento requerido.,"No existen mediciones comparativas completas ni validación cruzada de las 100 consultas. Docker CLI está instalado, pero docker ps falla porque no está disponible el daemon; el contenedor histórico no pudo consultarse. Disponibilidad actual de PostGIS: NO VERIFICADA.",Implementar adapters de medición secuencial/R-Tree/GiST sobre los mismos CSV y centros.,Reutilizar datasets y setup; registrar plans GiST y equivalencia exacta de IDs. Evitar que PostgreSQL participe como almacenamiento del motor propio.,"Cada combinación debe producir resultados equivalentes y filas de medición con técnica, tamaño, consulta, configuración y unidades.",2.1 y comparador PostgreSQL preparado; 2.3 no bloquea benchmarks directos.,"[""Secuencial medido"", ""R-Tree medido"", ""GiST medido"", ""Consultas y datos equivalentes""]","[0, 0, 0, 0]","[0, 0, 0, 0]","[0, 0, 0, 0]",0.00000000,0.00000000,0.00000000
2.4.2,2,4,3,2.2.4,Experimentos espaciales con radios k y tamaños requeridos,PARCIAL,El generador exporta 1k/10k/100k y 100 centros; el manifiesto enumera radios y k requeridos.,"[""benchmarks/spatial/datasets.py:63 (def export()"", ""tests/spatial/test_e1_inputs.py:1""]",Se acredita preparación de los tres tamaños; no ejecución del experimento completo con las familias de radio y k.,"El probe de auditoría 100k es funcional, con tres centros; no reemplaza las 100 consultas ni la comparación de técnicas.","Ejecutar la matriz radio=1000/5000/10000 m, k=10/50/100 y N=1000/10000/100000.",Consumir los CSV/manifiesto compartidos y 100 centros por combinación; conservar hashes y separar warmup de medición.,"Cobertura automática de tamaños, familias y parámetros; archivos sin huecos, IDs correctos y semillas reproducibles.",2.4.1.,"[""Radios 1 5 10 km"", ""k 10 50 100"", ""1000 10000 100000 puntos""]","[0, 0, 1]","[0, 0, 1]","[0, 0, 0]",33.33333333,33.33333333,0.00000000
2.4.3,2,4,3,2.2.4,Tiempos espaciales de construcción y consulta,NO IMPLEMENTADO,No hay tiempos completos de construcción y promedio de 100 consultas para las tres técnicas.,"[""benchmarks/spatial/__main__.py:1"", ""benchmarks/spatial/postgres.py:1""]",El setup y los smoke tests no satisfacen las mediciones solicitadas.,Faltan crudos por consulta y agregación comparable.,Medir construcción y consultas con límites temporales claros.,Excluir generación/importación cuando se mida construcción del índice; explicitar el tratamiento de carga de datos para cada técnica y medir consultas equivalentes.,"Promedio calculable desde 100 tiempos crudos por caso, con resultados correctos y repeticiones/entorno declarados.",2.4.1–2.4.2.,"[""Tiempo construcción"", ""Promedio de 100 consultas""]","[0, 0]","[0, 0]","[0, 0]",0.00000000,0.00000000,0.00000000
2.4.4,2,4,3,2.2.4,Memoria y espacio en disco espaciales,NO IMPLEMENTADO,"Se conocen archivos del R-Tree/Heap, pero no existe una medición experimental de memoria y disco espacial.","[""engine/spatial/rtree.py:282 (def save()"", ""engine/operators/context.py:58 (ROW_OVERHEAD_BYTES =)""]",Contadores de candidatos o memoria reservada relacional no son RSS ni espacio del comparador.,El árbol es residente y JSON puede aumentar el pico durante guardado; PostgreSQL requiere métricas específicas de sus relaciones.,Añadir memoria real y tamaños base/índice para cada técnica.,"Medir RSS pico por proceso/subproceso, bytes de archivos propios y pg_relation_size/pg_total_relation_size; declarar métricas no comparables directamente.","Resultados con unidades y alcance, baseline de proceso y ausencia de ceros ficticios o estimaciones presentadas como mediciones.",2.4.1 y política experimental común.,"[""Memoria medida"", ""Disco medido""]","[0, 0]","[0, 0]","[0, 0]",0.00000000,0.00000000,0.00000000
2.4.5,2,4,3,2.2.4,Presentación experimental espacial,NO IMPLEMENTADO,No hay gráficos ni tabla experimental espacial derivados de una matriz completa.,"[""docs/spatial.md:1"", ""benchmarks/report.py:1""]",La presentación relacional no satisface la comparación espacial.,"Faltan datos base, gráficos y recomendaciones espaciales medidos.",Generar gráficos y tabla desde los nuevos crudos.,"Reutilizar el estilo del reporte relacional con series secuencial/R-Tree/GiST y notas sobre memoria, disco y equivalencia.",Cada cifra trazable a mediciones; gráficas por tamaño/radio/k y tabla de cuándo usar cada técnica.,2.4.1–2.4.4.,"[""Gráficas comparativas"", ""Tabla de cuándo usar cada técnica""]","[0, 0]","[0, 0]","[0, 0]",0.00000000,0.00000000,0.00000000
3.1.1,3,1,3,2.3.1,Índice invertido con SPIMI,NO IMPLEMENTADO,Solo existe almacenamiento de VARCHAR relacional; no hay índice invertido ni SPIMI.,"[""docs/auditoria/evidencias/inventario_codigo.json"", ""docs/auditoria/evidencias/espacial_100k_real.json""]",No se encontró implementación que satisfaga este requisito en el snapshot auditado.,Un campo de texto y un B+ sobre cadenas no indexan términos ni postings; documentos largos pueden exceder una página.,Añadir almacenamiento gestionado de documentos e índice SPIMI propio.,"Definir doc_id estable, tokenización reproducible y bloques acotados término→postings; persistir bloques y fusionarlos por término conservando tf y estadísticas.","Oracle de postings en corpus pequeño, documentos repetidos/vacíos, Unicode, bloques externos forzados y reapertura.","IDs/catálogo, owner/auxiliares, almacenamiento de texto fuera de filas de una sola página.","[""Procesamiento de documentos"", ""Bloques SPIMI"", ""Postings y merge propios""]","[0, 0, 0]","[0, 0, 0]","[0, 0, 0]",0.00000000,0.00000000,0.00000000
3.1.2,3,1,3,2.3.1,Ranking TF-IDF con similitud coseno,NO IMPLEMENTADO,La presencia de VARCHAR no incluye TF-IDF ni vectores sparse de términos.,"[""docs/auditoria/evidencias/inventario_codigo.json"", ""docs/auditoria/evidencias/espacial_100k_real.json""]",No se encontró implementación que satisfaga este requisito en el snapshot auditado.,No hay estadísticas tf/df ni normalización de documentos/consulta.,Implementar ranking TF-IDF + coseno.,"Obtener df y N del índice SPIMI, definir fórmula/normalización explícitas y acumular productos por postings; ordenar scores con tie-break por doc_id.","Corpus con puntuaciones calculadas manualmente, consulta sin términos, términos repetidos y rankings estables tras reabrir.",3.1.1.,"[""Pesos TF-IDF"", ""Coseno"", ""Ranking correcto""]","[0, 0, 0]","[0, 0, 0]","[0, 0, 0]",0.00000000,0.00000000,0.00000000
3.1.3,3,1,3,2.3.1,Ranking BM25,NO IMPLEMENTADO,No se encontró BM25 en engine ni en rutas API.,"[""docs/auditoria/evidencias/inventario_codigo.json"", ""docs/auditoria/evidencias/espacial_100k_real.json""]",No se encontró implementación que satisfaga este requisito en el snapshot auditado.,"Faltan longitud de documentos, promedio y cálculo de score.",Implementar BM25 sobre los mismos postings.,Persistir document length y avgdl; definir k1/b configurables y reutilizar las estadísticas del corpus sin duplicar el índice.,"Scores de referencia, documentos de longitudes distintas, consulta vacía/OOV y orden descendente estable.",3.1.1.,"[""Fórmula y estadísticas"", ""Ranking correcto""]","[0, 0]","[0, 0]","[0, 0]",0.00000000,0.00000000,0.00000000
3.2.1,3,2,3,2.3.2,Comparación TF-IDF Coseno BM25 y GIN PostgreSQL,NO IMPLEMENTADO,No hay harness TF-IDF/BM25/GIN.,"[""docs/auditoria/evidencias/inventario_codigo.json"", ""docs/auditoria/evidencias/espacial_100k_real.json""]",No se encontró implementación que satisfaga este requisito en el snapshot auditado.,PostGIS espacial no es un comparador GIN textual.,Construir adapters para las tres técnicas con el mismo corpus y consultas.,Configurar explícitamente tokenización y ranking PostgreSQL; documentar diferencias en stemming/stopwords en vez de atribuirlas al índice.,"Mismos IDs/corpus, consultas registradas y tres resultados comparables por caso.",3.1.1–3.1.3; PostgreSQL como comparador.,"[""Tres técnicas medidas"", ""Mismas consultas""]","[0, 0]","[0, 0]","[0, 0]",0.00000000,0.00000000,0.00000000
3.2.2,3,2,3,2.3.2,Datasets y longitud de consulta textual,NO IMPLEMENTADO,"No se encontró corpus textual ni consultas de 1, 3 y 5+ palabras.","[""docs/auditoria/evidencias/inventario_codigo.json"", ""docs/auditoria/evidencias/espacial_100k_real.json""]",No se encontró implementación que satisfaga este requisito en el snapshot auditado.,No hay datos reproducibles para evaluar la Parte 3.,Preparar corpus de 1k/10k/100k documentos y consultas estratificadas por longitud.,"Guardar origen, hashes, doc_ids y consultas compartidas; evitar que una partición de texto cuente como documentos independientes sin explicarlo.","Conteos exactos, texto recuperable y consultas en las tres bandas de longitud.",Almacenamiento de documentos; elección de dominio.,"[""1000 10000 100000 documentos"", ""Consultas 1 3 y 5+ palabras""]","[0, 0]","[0, 0]","[0, 0]",0.00000000,0.00000000,0.00000000
3.2.3,3,2,3,2.3.2,Tiempos textuales de construcción y consulta,NO IMPLEMENTADO,No hay tiempos de construcción/consulta textual.,"[""docs/auditoria/evidencias/inventario_codigo.json"", ""docs/auditoria/evidencias/espacial_100k_real.json""]",No se encontró implementación que satisfaga este requisito en el snapshot auditado.,Las métricas SQL relacionales no sustituyen ranking textual.,Medir los dos costes para las tres técnicas y tamaños.,Separar ingesta de construcción y consulta; guardar repeticiones y configuración del ranking.,Crudos con técnica/tamaño/consulta y agregaciones regenerables.,3.2.1–3.2.2.,"[""Construcción medida"", ""Consulta medida""]","[0, 0]","[0, 0]","[0, 0]",0.00000000,0.00000000,0.00000000
3.2.4,3,2,3,2.3.2,Relevancia Precision@10 y Recall@10,NO IMPLEMENTADO,No hay juicios de relevancia ni Precision@10/Recall@10.,"[""docs/auditoria/evidencias/inventario_codigo.json"", ""docs/auditoria/evidencias/espacial_100k_real.json""]",No se encontró implementación que satisfaga este requisito en el snapshot auditado.,No se puede obtener relevancia solo de tiempos o scores propios.,Definir queries con conjuntos de documentos relevantes y calcular ambas métricas.,Mantener qrels independientes de TF-IDF/BM25; declarar convenciones para menos de diez resultados y consultas sin relevantes.,Casos manuales perfectos/parciales/nulos y agregados idénticos a un cálculo independiente.,3.2.2 y rankings implementados.,"[""Juicios de relevancia"", ""Precision@10"", ""Recall@10""]","[0, 0, 0]","[0, 0, 0]","[0, 0, 0]",0.00000000,0.00000000,0.00000000
3.2.5,3,2,3,2.3.2,Uso de memoria y disco textual,NO IMPLEMENTADO,No hay mediciones de memoria y espacio de índices textuales.,"[""docs/auditoria/evidencias/inventario_codigo.json"", ""docs/auditoria/evidencias/espacial_100k_real.json""]",No se encontró implementación que satisfaga este requisito en el snapshot auditado.,No existe evidencia de consumo del SPIMI o GIN.,Medir RSS y disco base/índice durante construcción y búsqueda.,Usar el contrato experimental común y métricas PostgreSQL explícitas.,"Unidades y fases definidas, valores reales por técnica y tamaño.",3.2.1–3.2.3.,"[""Memoria medida"", ""Disco medido""]","[0, 0]","[0, 0]","[0, 0]",0.00000000,0.00000000,0.00000000
3.2.6,3,2,3,2.3.2,Presentación experimental textual,NO IMPLEMENTADO,No hay gráficos ni tabla textual.,"[""docs/auditoria/evidencias/inventario_codigo.json"", ""docs/auditoria/evidencias/espacial_100k_real.json""]",No se encontró implementación que satisfaga este requisito en el snapshot auditado.,Faltan experimentos a los que vincular ventajas/desventajas.,Generar presentación experimental de Parte 3.,"Mostrar tiempo, memoria, disco y relevancia por técnica, tamaño y longitud de consulta.",Gráficas regenerables y recomendaciones apoyadas por datos y límites de calidad.,3.2.1–3.2.5.,"[""Gráficas"", ""Tabla de ventajas y desventajas""]","[0, 0]","[0, 0]","[0, 0]",0.00000000,0.00000000,0.00000000
3.3.1,3,3,3–4,2.3.3,SQL textual MATCH USING SCORE LIMIT,NO IMPLEMENTADO,El parser rechaza MATCH/USING/SCORE y LIMIT; no hay ejecución de búsqueda textual.,"[""docs/auditoria/evidencias/inventario_codigo.json"", ""docs/auditoria/evidencias/espacial_100k_real.json""]",No se encontró implementación que satisfaga este requisito en el snapshot auditado.,Reconocer palabras o guardar textos no satisface los ejemplos SQL.,"Extender AST, binder, planner y executor con búsqueda/ranking textual.","Resolver MATCH contra un campo indexado, seleccionar TF_IDF/BM25, producir SCORE y reutilizar LIMIT/TopK; devolver planes de operadores reales.","Ambos ejemplos del PDF, aliases de score, orden y límites; errores controlados por técnica/campo inválidos.",3.1.1–3.1.3 y extensión general de funciones/LIMIT de 2.3.,"[""MATCH"", ""USING TF_IDF y BM25"", ""SCORE y ordenamiento"", ""LIMIT""]","[0, 0, 0, 0]","[0, 0, 0, 0]","[0, 0, 0, 0]",0.00000000,0.00000000,0.00000000
4.1.1,4,1,4,2.4.1,ExtractFeatures para imágenes mediante SIFT,NO IMPLEMENTADO,No existe ExtractFeatures de imágenes ni SIFT.,"[""docs/auditoria/evidencias/inventario_codigo.json"", ""docs/auditoria/evidencias/espacial_100k_real.json""]",No se encontró implementación que satisfaga este requisito en el snapshot auditado.,El motor no carga ni transforma imágenes en descriptores.,Añadir extracción de descriptores SIFT y manejo de objetos gestionados.,"Definir ExtractFeatures con tipo/versión de extractor, validar formatos y guardar vínculos objeto→descriptores. Aclarar si el docente permite bibliotecas auxiliares SIFT; el PDF no lo resuelve.","Imagen válida, uniforme, corrupta y transformada; salida finita y reproducible con parámetros fijados.",Almacenamiento de objetos y metadatos.,"[""Función de extracción"", ""Descriptores SIFT""]","[0, 0]","[0, 0]","[0, 0]",0.00000000,0.00000000,0.00000000
4.1.2,4,1,4,2.4.1,ExtractFeatures para audio mediante MFCC,NO IMPLEMENTADO,No existe extracción MFCC ni procesamiento de audio.,"[""docs/auditoria/evidencias/inventario_codigo.json"", ""docs/auditoria/evidencias/espacial_100k_real.json""]",No se encontró implementación que satisfaga este requisito en el snapshot auditado.,"No hay política de muestreo, canales o ventanas.",Añadir extracción MFCC con parámetros explícitos.,"Normalizar sample rate/canales, segmentar ventanas y devolver matriz de descriptores finitos; tratar silencio y formatos inválidos.","Señal sintética, silencio, clips cortos y audio inválido; dimensión y versión del extractor consistentes.",Almacenamiento de audio; interfaz ExtractFeatures.,"[""Función de extracción"", ""Descriptores MFCC""]","[0, 0]","[0, 0]","[0, 0]",0.00000000,0.00000000,0.00000000
4.1.3,4,1,4,2.4.1,Cuantización Bag of Visual Audio Words,NO IMPLEMENTADO,No hay vocabulario de centroides ni asignación visual/auditiva.,"[""docs/auditoria/evidencias/inventario_codigo.json"", ""docs/auditoria/evidencias/espacial_100k_real.json""]",No se encontró implementación que satisfaga este requisito en el snapshot auditado.,Descriptores locales por sí solos no son el vector K requerido.,Implementar K-Means o Tree Quantization para construir el vocabulario.,"Entrenar con muestra reproducible, persistir K/centroides/versión y asignar cada descriptor al mismo vocabulario en ingesta y consulta.","Clusters conocidos, centroides vacíos, asignaciones reproducibles y reapertura del vocabulario.",4.1.1–4.1.2.,"[""K-Means o Tree Quantization"", ""Asignación de descriptores a K centroides""]","[0, 0]","[0, 0]","[0, 0]",0.00000000,0.00000000,0.00000000
4.1.4,4,1,4,2.4.1,Histogramas multimedia con TF-IDF de dimensión K,NO IMPLEMENTADO,No hay histogramas ni TF-IDF de palabras multimedia.,"[""docs/auditoria/evidencias/inventario_codigo.json"", ""docs/auditoria/evidencias/espacial_100k_real.json""]",No se encontró implementación que satisfaga este requisito en el snapshot auditado.,Los vectores de términos de Parte 3 tampoco existirían aún ni sustituyen descriptores multimedia.,Construir histogramas K y aplicar TF-IDF del corpus multimedia.,"Compartir matemáticas cuando sean compatibles, pero mantener vocabularios y estadísticas por modalidad/versiones; persistir dimensión K.","Histograma manual, suma de frecuencias, pesos y dimensión; objeto sin descriptores y consulta con misma transformación.",4.1.3.,"[""Frecuencias por palabra"", ""Pesos TF-IDF"", ""Vector dimensión K""]","[0, 0, 0]","[0, 0, 0]","[0, 0, 0]",0.00000000,0.00000000,0.00000000
4.2.1,4,2,4,2.4.2,Índice IVF,NO IMPLEMENTADO,No hay IVF; el Heap relacional no agrupa vectores por centroides.,"[""docs/auditoria/evidencias/inventario_codigo.json"", ""docs/auditoria/evidencias/espacial_100k_real.json""]",No se encontró implementación que satisfaga este requisito en el snapshot auditado.,No hay inverted lists ni selección de probes.,Implementar IVF propio.,"Persistir centroids/listas con IDs estables, nprobe configurable y reranking exacto con la métrica elegida.","Comparación con scan vectorial exacto, nprobe total como referencia, inserción/reapertura y Recall@10.",4.1.4; representación de vectores y métricas.,"[""Índice propio"", ""Búsqueda vectorial""]","[0, 0]","[0, 0]","[0, 0]",0.00000000,0.00000000,0.00000000
4.2.2,4,2,4,2.4.2,Índice HNSW,NO IMPLEMENTADO,No hay HNSW ni grafo de vecinos.,"[""docs/auditoria/evidencias/inventario_codigo.json"", ""docs/auditoria/evidencias/espacial_100k_real.json""]",No se encontró implementación que satisfaga este requisito en el snapshot auditado.,El R-Tree 2D no equivale a HNSW para alta dimensionalidad.,Implementar HNSW propio.,"Construir niveles, selección de vecinos y búsqueda ef acotada; persistir IDs, grafo, semilla y parámetros M/ef.","Invariantes de niveles/aristas, vecino exacto en corpus pequeño, ef creciente, reapertura y Recall@10.",Vectores y métricas de 4.2.3–4.2.5.,"[""Grafo jerárquico propio"", ""Búsqueda vectorial""]","[0, 0]","[0, 0]","[0, 0]",0.00000000,0.00000000,0.00000000
4.2.3,4,2,4,2.4.2,Métrica vectorial Euclidiana,NO IMPLEMENTADO,No hay métrica Euclidiana vectorial ni interfaz sobre vectores K.,"[""docs/auditoria/evidencias/inventario_codigo.json"", ""docs/auditoria/evidencias/espacial_100k_real.json""]",No se encontró implementación que satisfaga este requisito en el snapshot auditado.,La distancia espacial 2D no acredita una métrica vectorial multimedia ni su integración.,Implementar Euclidiana sobre vectores de dimensión validada.,Calcular sqrt de suma de diferencias al cuadrado; fijar orientación de ranking (distancia ascendente o similitud descendente) y rechazar dimensiones/valores inválidos.,"Vectores de cálculo manual, identidad, cero, dimensiones diferentes, valores no finitos y rankings coherentes en IVF/HNSW.",Representación de vectores finitos de dimensión K.,"[""Distancia alta dimensión"", ""Integración con búsqueda""]","[0, 0]","[0, 0]","[0, 0]",0.00000000,0.00000000,0.00000000
4.2.4,4,2,4,2.4.2,Métrica vectorial Producto Punto,NO IMPLEMENTADO,No hay métrica Producto Punto vectorial ni interfaz sobre vectores K.,"[""docs/auditoria/evidencias/inventario_codigo.json"", ""docs/auditoria/evidencias/espacial_100k_real.json""]",No se encontró implementación que satisfaga este requisito en el snapshot auditado.,La distancia espacial 2D no acredita una métrica vectorial multimedia ni su integración.,Implementar Producto Punto sobre vectores de dimensión validada.,Calcular suma de productos componente a componente; fijar orientación de ranking (distancia ascendente o similitud descendente) y rechazar dimensiones/valores inválidos.,"Vectores de cálculo manual, identidad, cero, dimensiones diferentes, valores no finitos y rankings coherentes en IVF/HNSW.",Representación de vectores finitos de dimensión K.,"[""Producto punto"", ""Integración con búsqueda""]","[0, 0]","[0, 0]","[0, 0]",0.00000000,0.00000000,0.00000000
4.2.5,4,2,4,2.4.2,Métrica vectorial Coseno,NO IMPLEMENTADO,No hay métrica Coseno vectorial ni interfaz sobre vectores K.,"[""docs/auditoria/evidencias/inventario_codigo.json"", ""docs/auditoria/evidencias/espacial_100k_real.json""]",No se encontró implementación que satisfaga este requisito en el snapshot auditado.,La distancia espacial 2D no acredita una métrica vectorial multimedia ni su integración.,Implementar Coseno sobre vectores de dimensión validada.,"Calcular producto punto dividido por normas, con política explícita para vector cero; fijar orientación de ranking (distancia ascendente o similitud descendente) y rechazar dimensiones/valores inválidos.","Vectores de cálculo manual, identidad, cero, dimensiones diferentes, valores no finitos y rankings coherentes en IVF/HNSW.",Representación de vectores finitos de dimensión K.,"[""Coseno alta dimensión"", ""Integración con búsqueda""]","[0, 0]","[0, 0]","[0, 0]",0.00000000,0.00000000,0.00000000
4.3.1,4,3,4,2.4.3,SQL multimedia SIMILAR_TO USING WITH METRIC,NO IMPLEMENTADO,"El parser rechaza SIMILAR_TO, score multimedia y WITH METRIC.","[""docs/auditoria/evidencias/inventario_codigo.json"", ""docs/auditoria/evidencias/espacial_100k_real.json""]",No se encontró implementación que satisfaga este requisito en el snapshot auditado.,No se resuelve objeto de consulta ni índice/métrica.,Añadir la extensión SQL multimedia completa.,Extraer el vector de consulta con vocabulario/versiones del índice; resolver USING y WITH METRIC; producir SIMILARITY_SCORE con orden coherente y límites.,"Ejemplos imagen/audio del PDF, path inválido, índice/métrica inexistentes y resultados iguales al API vectorial.",4.1–4.2 y funciones/TopK del parser.,"[""SIMILAR_TO con k"", ""Selección IVF HNSW"", ""WITH METRIC"", ""SIMILARITY_SCORE y ordenamiento""]","[0, 0, 0, 0]","[0, 0, 0, 0]","[0, 0, 0, 0]",0.00000000,0.00000000,0.00000000
4.4.1,4,4,4,2.4.4,Comparación multimedia IVF HNSW y métricas,NO IMPLEMENTADO,No hay comparación IVF/HNSW ni Euclidiana/coseno.,"[""docs/auditoria/evidencias/inventario_codigo.json"", ""docs/auditoria/evidencias/espacial_100k_real.json""]",No se encontró implementación que satisfaga este requisito en el snapshot auditado.,No hay índices o vectores experimentales.,Construir experimento cruzado de ambos índices y ambas métricas.,Fijar dataset/vectores/consultas y reportar parámetros de aproximación; distinguir precisión de velocidad.,Cada combinación con crudos y baseline exacto bajo su propia métrica.,4.1–4.2.,"[""IVF frente a HNSW"", ""Euclidiana frente a coseno""]","[0, 0]","[0, 0]","[0, 0]",0.00000000,0.00000000,0.00000000
4.4.2,4,4,4,2.4.4,Datasets multimedia y k-NN requeridos,NO IMPLEMENTADO,No existen datasets de 1k/10k/100k objetos multimedia ni consultas k=10.,"[""docs/auditoria/evidencias/inventario_codigo.json"", ""docs/auditoria/evidencias/espacial_100k_real.json""]",No se encontró implementación que satisfaga este requisito en el snapshot auditado.,Contar descriptores como objetos inflaría el tamaño del dataset.,"Preparar objetos, manifiestos y consultas reproducibles.","Guardar objeto_id, modalidad, origen, hash, versión de extracción y vocabulario; usar diez vecinos por objeto de consulta.",Conteo de objetos exacto y transformación de consulta consistente en los tres tamaños.,4.1; selección de datasets.,"[""1000 10000 100000 imágenes audios"", ""k igual a 10""]","[0, 0]","[0, 0]","[0, 0]",0.00000000,0.00000000,0.00000000
4.4.3,4,4,4,2.4.4,Tiempos y memoria multimedia,NO IMPLEMENTADO,No hay tiempos o memoria multimedia.,"[""docs/auditoria/evidencias/inventario_codigo.json"", ""docs/auditoria/evidencias/espacial_100k_real.json""]",No se encontró implementación que satisfaga este requisito en el snapshot auditado.,"No se separan extracción, entrenamiento, construcción y búsqueda.","Medir construcción del índice, consulta y uso de memoria.",Registrar también fases auxiliares por separado para no atribuir extracción o K-Means a IVF/HNSW.,Métricas reales y agregadas desde crudos con parámetros y fases explícitos.,4.4.1–4.4.2.,"[""Tiempo construcción"", ""Tiempo consulta"", ""Memoria""]","[0, 0, 0]","[0, 0, 0]","[0, 0, 0]",0.00000000,0.00000000,0.00000000
4.4.4,4,4,4,2.4.4,Recall@10 multimedia,NO IMPLEMENTADO,No hay Recall@10 multimedia ni oracle exacto.,"[""docs/auditoria/evidencias/inventario_codigo.json"", ""docs/auditoria/evidencias/espacial_100k_real.json""]",No se encontró implementación que satisfaga este requisito en el snapshot auditado.,Scores aproximados no permiten deducir recall.,Calcular vecinos exactos para cada consulta y métrica y comparar el top diez.,Fijar convención de auto-coincidencia y empates; usar conjuntos de IDs de referencia independientes de IVF/HNSW.,"Recall entre 0 y 1, casos manuales y curva frente a nprobe/ef; no usar relevancia textual como sustituto.",4.2 y 4.4.2.,"[""Oracle de vecinos"", ""Recall@10""]","[0, 0]","[0, 0]","[0, 0]",0.00000000,0.00000000,0.00000000
4.4.5,4,4,4,2.4.4,Presentación experimental multimedia,NO IMPLEMENTADO,No hay galería multimedia ni gráficas/recomendaciones.,"[""docs/auditoria/evidencias/inventario_codigo.json"", ""docs/auditoria/evidencias/espacial_100k_real.json""]",No se encontró implementación que satisfaga este requisito en el snapshot auditado.,"La galería debe mostrar casos reales, no imágenes conceptuales de resultados.","Generar gráficas, galería de éxito/error y tabla comparativa.",Enlazar consultas con objetos recuperados y referencia; reproducir audio o visualizar imágenes sin inventar éxito.,"Cada caso trazable a su consulta, ranking y métrica; gráficas tiempo/tamaño y recomendaciones verificables.",4.4.1–4.4.4.,"[""Gráficas tiempo tamaño"", ""Galería de éxito y error"", ""Tabla de recomendaciones""]","[0, 0, 0]","[0, 0, 0]","[0, 0, 0]",0.00000000,0.00000000,0.00000000
5.1.1,5,1,4–7,2.5 y Anexo A,Aplicación real consume API REST o GraphQL del motor,NO IMPLEMENTADO,"Existe API REST del motor y una consola administrativa, pero no una aplicación del Anexo A.","[""api/app.py:1"", ""frontend/src/App.tsx:1""]",No se encontró implementación que satisfaga este requisito en el snapshot auditado.,La consola SQL demuestra el motor; no constituye por sí sola una aplicación real de IA del dominio elegido.,Elegir la aplicación y construir su flujo mediante el API propio.,Crear un frontend/servicio de dominio que consuma endpoints del motor. Conservar FastAPI y las sesiones; evitar acceso directo a páginas/índices desde la interfaz.,Flujo de dominio completo con llamadas HTTP observables al motor propio y resultados reales.,Elección 5.1.4 y modalidades requeridas por esa opción.,"[""Aplicación de dominio real"", ""Consumo del API propio""]","[0, 0]","[0, 0]","[0, 0]",0.00000000,0.00000000,0.00000000
5.1.2,5,1,4–7,2.5 y Anexo A,Aplicación integra al menos dos tipos de datos,NO IMPLEMENTADO,El núcleo maneja filas y puntos por métodos distintos; ninguna aplicación pública integra dos tipos en una experiencia.,"[""docs/auditoria/evidencias/inventario_codigo.json"", ""docs/auditoria/evidencias/espacial_100k_real.json""]",No se encontró implementación que satisfaga este requisito en el snapshot auditado.,Tener dos paquetes o tablas con coordenadas no demuestra integración multimodal de la aplicación.,Integrar al menos dos modalidades en el flujo del dominio.,Usar IDs y metadatos relacionales comunes y combinar búsquedas reales de las modalidades escogidas con reglas de fusión explícitas.,Una acción del usuario utiliza ambos tipos y el resultado permite rastrear las contribuciones de cada uno.,5.1.4; partes funcionales de las modalidades escogidas.,"[""Primer tipo funcional"", ""Segundo tipo funcional"", ""Integración en una experiencia""]","[0, 0, 0]","[0, 0, 0]","[0, 0, 0]",0.00000000,0.00000000,0.00000000
5.1.3,5,1,4–7,2.5 y Anexo A,Interfaz de aplicación demuestra capacidades,NO IMPLEMENTADO,"La GUI es una consola relacional; no hay chatbot, recomendaciones, timeline de audio ni reconocimiento facial.","[""docs/auditoria/evidencias/inventario_codigo.json"", ""docs/auditoria/evidencias/espacial_100k_real.json""]",No se encontró implementación que satisfaga este requisito en el snapshot auditado.,No existe demostración interactiva de la aplicación final.,Añadir la interfaz del dominio elegido.,"Reutilizar componentes de sesión/error/resultados compatibles; diseñar entrada, salida y estados vacíos/error propios de la aplicación.","Usuario completa el caso principal del anexo sobre datos reales, con ambos tipos integrados.",5.1.1–5.1.2.,"[""Flujo de usuario del dominio"", ""Resultados multimodales reales""]","[0, 0]","[0, 0]","[0, 0]",0.00000000,0.00000000,0.00000000
5.1.4,5,1,4–7,2.5 y Anexo A,Una opción de aplicación del Anexo A,NO IMPLEMENTADO,No se encontró una opción A/B/C/D elegida en los documentos o código de aplicación.,"[""docs/auditoria/evidencias/inventario_codigo.json"", ""docs/auditoria/evidencias/espacial_100k_real.json""]",No se encontró implementación que satisfaga este requisito en el snapshot auditado.,La decisión pendiente impide fijar el backlog específico y comprobar sus componentes obligatorios.,Registrar una sola opción y su contrato de aceptación.,"A: PDF/chunks/metadata→SPIMI→recuperación→LLM; B: catálogo, imágenes/ubicación y fusión de recomendaciones; C: MFCC y segmentos/timeline de coincidencias; D: embeddings, cámara y búsqueda con objetivo de eficiencia. No implementar las cuatro.",Opción documentada y todos sus componentes demostrados; lo opcional del anexo debe seguir siendo opcional.,Decisión de producto y dominio; no requiere reescribir Parte 1.,"[""Opción elegida"", ""Componentes obligatorios de esa opción""]","[0, 0]","[0, 0]","[0, 0]",0.00000000,0.00000000,0.00000000
T.1.1,T,1,5,3,Código en repositorio GitHub o GitLab,COMPLETO,Repositorio Git local con origin GitHub y HEAD publicado en main.,"[""docs/auditoria/evidencias/commit.txt"", ""docs/auditoria/evidencias/remoto_verificado.txt""]",git ls-remote confirmó el mismo commit 841977a en HEAD/main remoto.,El PDF y DOCX actuales son cambios locales del usuario sin commit; se preservan. El requisito de código publicado sí está satisfecho.,Ninguna corrección del código publicado identificada.,Mantener publicación incremental y no confundir disponibilidad remota del código con la del video o presentación.,"Comparar SHA local y remoto, y verificar los cambios autorizados antes de futuras publicaciones.",Git y acceso remoto.,"[""Código versionado"", ""Remoto configurado"", ""Publicación accesible verificada""]","[1, 1, 1]","[1, 1, 1]","[0, 0, 0]",100.00000000,100.00000000,0.00000000
T.1.2,T,1,5,3,README con arquitectura y organización,PARCIAL,README describe arquitectura/organización relacional; docs/spatial amplía decisiones espaciales.,"[""README.md:527 (## Organización)"", ""docs/informe/informe_parte_01.md:41 (PageManager)"", ""PROJECT_CONTEXT.md:2616 (Stage 10 remains pending)""]",Dos criterios de tres satisfechos. Persisten rutas antiguas a PLAN.md/ETAPA_XX y una descripción del árbol que omite engine/database y engine/spatial.,"También se afirma que PageManager es el único dueño de disco, aunque temporales, undo, manifiestos y R-Tree tienen E/S propia. La coordinación mezcla cierres actuales con secciones obsoletas.","Corregir rutas y estados vigentes; precisar que PageManager centraliza páginas relacionales, no toda E/S del sistema.",Editar documentos de forma localizada y marcar historias como históricas. Actualizar diagrama con owner y ruta espacial; conservar decisiones válidas.,"Enlaces locales resuelven, diagrama coincide con imports y responsabilidades y no se declaran como completos requisitos pendientes.",Hallazgos de esta auditoría; no requiere cambio de arquitectura.,"[""Arquitectura documentada"", ""Organización documentada"", ""Correspondencia con código actual""]","[1, 1, 1]","[1, 1, 0]","[0, 0, 0]",100.00000000,66.66666667,0.00000000
T.1.3,T,1,5,3,Manual de instalación,COMPLETO,"README y demo.md explican entorno, instalación de extras, carga inicial, compilación y arranque.","[""README.md:217 (## Requisitos e instalación)"", ""docs/demo.md:1"", ""docs/auditoria/evidencias/preparacion_entorno.log""]","Instalación nueva, build y arranque reales se verificaron sobre una copia limpia. Las instrucciones de ejecutar desde raíz permiten importar api y scripts.",El launcher no reinicia inmediatamente en POSIX y Ctrl+C sale anómalamente; son defectos de ejecución documentados aparte. Un wheel instala solo engine.,"Corregir el launcher de forma localizada. Si se ofrece distribución instalable completa, incluir api/benchmarks o mantener el requisito de clonar y ejecutar desde raíz.",Conservar el procedimiento actual y fijar versiones del entorno de demostración para reproducibilidad.,"Clon limpio, Python >=3.11, extras, npm ci/build, prepare, health, GUI y cierre/reinicio después de corregir los fallos.",Dependencias auxiliares y datasets de demostración.,"[""Instrucciones y dependencias"", ""Arranque reproducible""]","[1, 1]","[1, 1]","[0, 0]",100.00000000,100.00000000,0.00000000
T.1.4,T,1,5,3,Video demo de 5 a 10 minutos,NO VERIFICADO,Existe un guion de aproximadamente ocho minutos para Parte 1; no se encontró video ni enlace a una grabación.,"[""docs/informe/guion_video.md:1"", ""docs/ETAPA_10_AUDIT.md:52 (grabación a cargo del equipo)""]","El guion no demuestra existencia, duración ni funcionalidades de un video. Podría existir externamente; no hay evidencia disponible.",No se puede acreditar este entregable ni el video final de todas las modalidades.,"Grabar y aportar archivo/enlace comprobable, o incorporar evidencia del video externo si ya existe.","Adaptar el guion al avance y después a todas las funcionalidades finales; grabar ejecución real, con duración 5–10 minutos.","Abrir la grabación, verificar duración y contrastar cada capacidad mostrada con el sistema.",Funcionalidades que se demuestran; cierre final de las cinco partes.,"[""Video disponible"", ""Duración requerida"", ""Funcionalidades demostradas""]","[0, 0, 0]","[0, 0, 0]","[0, 0, 0]",0.00000000,0.00000000,0.00000000
T.1.5,T,1,5,3,Informe incremental técnico,COMPLETO,"Informe Parte 1 contiene arquitectura, dominio, algoritmos y experimentos; docs/spatial registra el incremento espacial y sus límites.","[""docs/informe/informe_parte_01.md:1"", ""docs/EXPERIMENTOS.md:1"", ""docs/spatial.md:1""]",Hay documentación incremental real del avance actual. No se exige que describa como terminadas partes futuras todavía ausentes.,"La evaluación de arquitectura del informe debe corregirse según T.1.2, y el apartado experimental debe reconocer la brecha de carga mixta.","Mantener el informe incremental, corregir afirmaciones concretas e incorporar resultados nuevos conforme se implementen.","Enlazar capítulos por parte con evidencia de algoritmo, dominio, método, datos y limitaciones; no usar esta auditoría como evidencia de una implementación futura.",Cada incremento tiene explicación y resultados trazables; la entrega final cubre las cinco partes y sus experimentos reales.,Avances funcionales y experimentales; T.1.2.,"[""Diseño arquitectónico"", ""Dominio de datos"", ""Algoritmos"", ""Sección experimental"", ""Cobertura del avance multimodal""]","[1, 1, 1, 1, 1]","[1, 1, 1, 1, 1]","[0, 0, 0, 0, 0]",100.00000000,100.00000000,0.00000000
T.1.6,T,1,5,3,Presentación final de 15 minutos y 5 de preguntas,PARCIAL,"Hay un esquema textual de presentación de Parte 1, estimado en 12–15 minutos; no hay exposición final acreditada.","[""docs/informe/presentacion.md:1""]",Existe material y planificación temporal; la exposición final de cinco partes y 5 minutos de preguntas no está verificada.,Un esquema preparatorio no prueba que la presentación final se haya realizado ni que cubra todo el proyecto.,"Completar material de las cinco partes, ensayar 15 minutos y reservar 5 para preguntas; aportar evidencia al llegar al hito.",Reutilizar el esquema y cifras válidas; añadir modalidades/aplicación y explicar limitaciones de forma fiel.,"Ensayo cronometrado, recorrido de capacidades reales y evidencia de la exposición final según el curso.",Entrega final de las cinco partes.,"[""Material de presentación"", ""Duración prevista"", ""Presentación final acreditada""]","[1, 1, 0]","[1, 1, 0]","[0, 0, 0]",66.66666667,66.66666667,0.00000000
